{
  "ticker": "^GSPC",
  "period": "5y",
  "interval": "1d",
  "confidence": 0.95,
  "threshold_std": 3.0,
  "truth_samples": 200000,
  "fit_samples": 200000,
  "trials": 200,
  "sample_sizes": [
    100,
    144,
    207,
    298,
    428,
    616,
    886,
    1274,
    1833,
    2637,
    3793,
    5456,
    7848,
    11288,
    16238,
    23357,
    33598,
    48329,
    69519,
    100000
  ],
  "seed": 923362585,
  "fit_slope": -0.48550627294015253,
  "fit_intercept": -4.090199356258036,
  "model": {
    "mu": 0.0007316963087105056,
    "sigma": 0.009466165472709872,
    "lambda_pos": 0.0015936254980079682,
    "lambda_neg": 0.008764940239043825,
    "jump_mu_pos": 0.07242369774891708,
    "jump_sigma_pos": 0.026122196216424566,
    "jump_mu_neg": 0.04041369321671634,
    "jump_sigma_neg": 0.00871169203625204
  }
}