{
  "ticker": "GC=F",
  "period": "5y",
  "interval": "1d",
  "confidence": 0.95,
  "threshold_std": 3.0,
  "truth_samples": 200000,
  "fit_samples": 200000,
  "trials": 200,
  "sample_sizes": [
    100,
    144,
    207,
    298,
    428,
    616,
    886,
    1274,
    1833,
    2637,
    3793,
    5456,
    7848,
    11288,
    16238,
    23357,
    33598,
    48329,
    69519,
    100000
  ],
  "seed": 923362585,
  "fit_slope": -0.48870353474775907,
  "fit_intercept": -4.090377006213623,
  "model": {
    "mu": 0.0009593015638204538,
    "sigma": 0.009578911012587881,
    "lambda_pos": 0.002386634844868735,
    "lambda_neg": 0.005568814638027049,
    "jump_mu_pos": 0.037905686948450944,
    "jump_sigma_pos": 0.004317939000059558,
    "jump_mu_neg": 0.0543510099695303,
    "jump_sigma_neg": 0.030472818335600137
  }
}