{
  "model": {
    "mu": 0.0003870478261727032,
    "sigma": 0.014551728679921268,
    "lamb": 0.011976047904191617,
    "jump_mu": 0.026563894117148375,
    "jump_sigma": 0.09304612138764509
  },
  "confidence": 0.95,
  "true_var": 0.023998967421161543,
  "fit_slope": -0.4845340336428568,
  "trials": 100
}