{
  "model": {
    "mu": 0.0005,
    "sigma": 0.02
  },
  "confidence": 0.95,
  "portfolio_value": 1.0,
  "true_var": 0.03239707253902943,
  "single_run_var": 0.03294579645364767,
  "single_run_samples": 10000,
  "trials": 200,
  "sample_sizes": [
    100,
    127,
    161,
    204,
    259,
    329,
    418,
    530,
    672,
    853,
    1083,
    1374,
    1743,
    2212,
    2807,
    3562,
    4520,
    5736,
    7279,
    9237,
    11721,
    14874,
    18874,
    23950,
    30392,
    38566,
    48939,
    62102,
    78805,
    100000
  ],
  "fit_slope": -0.4948302752618595,
  "fit_intercept": -3.4416083533068758
}