{
  "model": {
    "mu": 0.0005,
    "sigma": 0.02
  },
  "confidence": 0.95,
  "true_cvar": 0.04070254302960962,
  "trials": 200,
  "sample_sizes": [
    100,
    133,
    178,
    237,
    316,
    422,
    562,
    750,
    1000,
    1334,
    1778,
    2371,
    3162,
    4217,
    5623,
    7499,
    10000,
    13335,
    17783,
    23714,
    31623,
    42170,
    56234,
    74989,
    100000
  ],
  "seed": 1541900332,
  "fit_slope": -0.4903412816061357,
  "fit_intercept": -3.284012867815042
}