{
  "model": {
    "mu": 0.0,
    "sigma": 1.0
  },
  "confidence": 0.95,
  "portfolio_value": 1.0,
  "true_var": 1.6448536269514715,
  "single_run_var": 1.683424958400013,
  "single_run_samples": 10000,
  "trials": 200,
  "sample_sizes": [
    100,
    127,
    161,
    204,
    259,
    329,
    418,
    530,
    672,
    853,
    1083,
    1374,
    1743,
    2212,
    2807,
    3562,
    4520,
    5736,
    7279,
    9237,
    11721,
    14874,
    18874,
    23950,
    30392,
    38566,
    48939,
    62102,
    78805,
    100000
  ],
  "seed": 12345,
  "fit_slope": -0.49962677864402666,
  "fit_intercept": 0.5225006594982543
}